{"cameraMode":{"drawMode":0,"name":"Shaded","section":"Shading Mode"},"sceneLighting":true,"audioPlay":false,"sceneViewState":{"m_AlwaysRefresh":false,"showFog":true,"showSkybox":true,"showFlares":true,"showImageEffects":true,"showParticleSystems":true,"showVisualEffectGraphs":true,"m_FxEnabled":true},"in2DMode":false,"pivot":{"x":-3.5853447914123537,"y":3.542705535888672,"z":-7.222034454345703},"rotation":{"x":-0.10661821067333222,"y":-0.27884921431541445,"z":0.031167011708021165,"w":-0.9538938403129578},"size":0.5396608710289002,"orthographic":false}